{
  "eval_json": "results/strict_eval/contact_site_esm_mlc_noseq_contact_reg_seed44_e30_lr5e5_hpcue_20260619_002328_eval.json",
  "checkpoint": "runs/contact_site_esm_mlc_noseq_contact_reg_seed44_e30_lr5e5_hpcue_20260619_002328/best.pt",
  "config": "results/strict_eval/configs/contact_site_esm_mlc_noseq_contact_reg_seed44_e30_lr5e5_hpcue_20260619_002328.yaml",
  "val_selected_threshold": 0.43,
  "rows": [
    {
      "split": "val",
      "metric_scope": "validation",
      "val_selected_threshold": 0.43,
      "threshold_used": 0.43,
      "f1_at_0_5": 0.7262899105688256,
      "mcc_at_0_5": 0.5576767051992234,
      "f1_at_val_threshold": 0.7280995146667427,
      "precision_at_val_threshold": 0.6901000272045218,
      "recall_at_val_threshold": 0.7705276475889475,
      "mcc_at_val_threshold": 0.5529913052337702,
      "auroc": 0.8656268799544302,
      "pr_auc": 0.8165920932057097,
      "diagnostic_best_threshold": 0.43,
      "diagnostic_f1_best_threshold": 0.7280995146667427,
      "diagnostic_best_mcc_threshold": 0.65,
      "diagnostic_mcc_best_threshold": 0.5611990251603017,
      "top_5pct_precision_micro": 0.8841904548258651,
      "top_5pct_enrichment_micro": 2.3626784947049764,
      "top_10pct_precision_micro": 0.8548607727766743,
      "top_10pct_enrichment_micro": 2.28430555066793,
      "loss": 0.5240128565402258,
      "skipped_nonfinite": 0
    },
    {
      "split": "test",
      "metric_scope": "test_at_val_threshold",
      "val_selected_threshold": 0.43,
      "threshold_used": 0.43,
      "f1_at_0_5": 0.6446037581699345,
      "mcc_at_0_5": 0.4816729055830508,
      "f1_at_val_threshold": 0.6520513353383341,
      "precision_at_val_threshold": 0.6005272471200029,
      "recall_at_val_threshold": 0.7132465215228095,
      "mcc_at_val_threshold": 0.4866577170498843,
      "auroc": 0.8496283360048867,
      "pr_auc": 0.6870712580558186,
      "diagnostic_best_threshold": 0.23,
      "diagnostic_f1_best_threshold": 0.6638857609927109,
      "diagnostic_best_mcc_threshold": 0.21,
      "diagnostic_mcc_best_threshold": 0.498733707346635,
      "top_5pct_precision_micro": 0.8356241665811878,
      "top_5pct_enrichment_micro": 2.7712961454015157,
      "top_10pct_precision_micro": 0.7621391118382912,
      "top_10pct_enrichment_micro": 2.527587481748569,
      "loss": 0.5962626763752529,
      "skipped_nonfinite": 0
    }
  ]
}
