split,metric_scope,val_selected_threshold,threshold_used,f1_at_0_5,mcc_at_0_5,f1_at_val_threshold,precision_at_val_threshold,recall_at_val_threshold,mcc_at_val_threshold,auroc,pr_auc,diagnostic_best_threshold,diagnostic_f1_best_threshold,diagnostic_best_mcc_threshold,diagnostic_mcc_best_threshold,top_5pct_precision_micro,top_5pct_enrichment_micro,top_10pct_precision_micro,top_10pct_enrichment_micro,loss,skipped_nonfinite
val,validation,0.45,0.45,0.7258265987158166,0.5545091224919427,0.7281709455775407,0.6871159358636557,0.774443772232166,0.5522239361136821,0.862166423317816,0.8148153009022404,0.45,0.7281709455775407,0.61,0.5617699591751742,0.8897051950722524,2.3774146390649484,0.8593018026458794,2.2961725932366943,0.584236707006182,0
test,test_at_val_threshold,0.45,0.45,0.6314289942200617,0.47946244376454633,0.6408837186484855,0.6374289848062489,0.6443761044486763,0.4846631131513454,0.8442563373242253,0.6826961449456361,0.18,0.66672119516996,0.24,0.5028987284428958,0.787439737408965,2.6114954500964935,0.7538166217904948,2.4999864554594855,0.6947155140695118,0
