{
  "eval_json": "results/strict_eval/contact_site_esm_noseq_noctx_relaxed_reg_seed42_e30_lr5e5_hpcue_20260619_002109_eval.json",
  "checkpoint": "runs/contact_site_esm_noseq_noctx_relaxed_reg_seed42_e30_lr5e5_hpcue_20260619_002109/best.pt",
  "config": "results/strict_eval/configs/contact_site_esm_noseq_noctx_relaxed_reg_seed42_e30_lr5e5_hpcue_20260619_002109.yaml",
  "val_selected_threshold": 0.47,
  "rows": [
    {
      "split": "val",
      "metric_scope": "validation",
      "val_selected_threshold": 0.47,
      "threshold_used": 0.47,
      "f1_at_0_5": 0.7058459810878904,
      "mcc_at_0_5": 0.5157968048255419,
      "f1_at_val_threshold": 0.7065662694096575,
      "precision_at_val_threshold": 0.6589757346823961,
      "recall_at_val_threshold": 0.7615657469631206,
      "mcc_at_val_threshold": 0.5136657831751973,
      "auroc": 0.8412901849515015,
      "pr_auc": 0.7646027860836032,
      "diagnostic_best_threshold": 0.47,
      "diagnostic_f1_best_threshold": 0.7065662694096575,
      "diagnostic_best_mcc_threshold": 0.67,
      "diagnostic_mcc_best_threshold": 0.5167898801635552,
      "top_5pct_precision_micro": 0.8495130203951919,
      "top_5pct_enrichment_micro": 2.2700156208482016,
      "top_10pct_precision_micro": 0.8229396994340966,
      "top_10pct_enrichment_micro": 2.1990080527105906,
      "loss": 0.5757171937397548,
      "skipped_nonfinite": 0
    },
    {
      "split": "test",
      "metric_scope": "test_at_val_threshold",
      "val_selected_threshold": 0.47,
      "threshold_used": 0.47,
      "f1_at_0_5": 0.6414614761858005,
      "mcc_at_0_5": 0.46470216529887765,
      "f1_at_val_threshold": 0.6427348490800819,
      "precision_at_val_threshold": 0.5598878167886442,
      "recall_at_val_threshold": 0.7543577470104826,
      "mcc_at_val_threshold": 0.4656828102336832,
      "auroc": 0.8191285424665592,
      "pr_auc": 0.6137792667523251,
      "diagnostic_best_threshold": 0.35,
      "diagnostic_f1_best_threshold": 0.6480558703350116,
      "diagnostic_best_mcc_threshold": 0.32,
      "diagnostic_mcc_best_threshold": 0.47237293573575223,
      "top_5pct_precision_micro": 0.7658990665709303,
      "top_5pct_enrichment_micro": 2.540057140327351,
      "top_10pct_precision_micro": 0.7045387201917007,
      "top_10pct_enrichment_micro": 2.3365593261162307,
      "loss": 0.677301457950047,
      "skipped_nonfinite": 0
    }
  ]
}
