{
  "eval_json": "results/strict_eval/contact_site_esm_mlc_predstruct_nograph_reg_seed43_e30_lr5e5_hpcue_20260619_002328_eval.json",
  "checkpoint": "runs/contact_site_esm_mlc_predstruct_nograph_reg_seed43_e30_lr5e5_hpcue_20260619_002328/best.pt",
  "config": "results/strict_eval/configs/contact_site_esm_mlc_predstruct_nograph_reg_seed43_e30_lr5e5_hpcue_20260619_002328.yaml",
  "val_selected_threshold": 0.45,
  "rows": [
    {
      "split": "val",
      "metric_scope": "validation",
      "val_selected_threshold": 0.45,
      "threshold_used": 0.45,
      "f1_at_0_5": 0.7309346284403331,
      "mcc_at_0_5": 0.5652472265315169,
      "f1_at_val_threshold": 0.7316169860846428,
      "precision_at_val_threshold": 0.7000483970484681,
      "recall_at_val_threshold": 0.7661671934189024,
      "mcc_at_val_threshold": 0.5607671019148861,
      "auroc": 0.8621687318062038,
      "pr_auc": 0.8168962421856687,
      "diagnostic_best_threshold": 0.45,
      "diagnostic_f1_best_threshold": 0.7316169860846428,
      "diagnostic_best_mcc_threshold": 0.58,
      "diagnostic_mcc_best_threshold": 0.5683197894144827,
      "top_5pct_precision_micro": 0.8881535901893706,
      "top_5pct_enrichment_micro": 2.3732685374314646,
      "top_10pct_precision_micro": 0.8578495671401267,
      "top_10pct_enrichment_micro": 2.2922920202447994,
      "loss": 0.5312219574337914,
      "skipped_nonfinite": 0
    },
    {
      "split": "test",
      "metric_scope": "test_at_val_threshold",
      "val_selected_threshold": 0.45,
      "threshold_used": 0.45,
      "f1_at_0_5": 0.6565277519763867,
      "mcc_at_0_5": 0.5009040909709205,
      "f1_at_val_threshold": 0.6635938974803961,
      "precision_at_val_threshold": 0.6227699645300705,
      "recall_at_val_threshold": 0.7101454869868067,
      "mcc_at_val_threshold": 0.5067108070206352,
      "auroc": 0.8518299825659572,
      "pr_auc": 0.6932692124183212,
      "diagnostic_best_threshold": 0.31,
      "diagnostic_f1_best_threshold": 0.6736052187902898,
      "diagnostic_best_mcc_threshold": 0.33,
      "diagnostic_mcc_best_threshold": 0.5146266272034768,
      "top_5pct_precision_micro": 0.807493076212945,
      "top_5pct_enrichment_micro": 2.678001114667291,
      "top_10pct_precision_micro": 0.7462542353229152,
      "top_10pct_enrichment_micro": 2.474906265936743,
      "loss": 0.5885176020009177,
      "skipped_nonfinite": 0
    }
  ]
}
