split,metric_scope,val_selected_threshold,threshold_used,f1_at_0_5,mcc_at_0_5,f1_at_val_threshold,precision_at_val_threshold,recall_at_val_threshold,mcc_at_val_threshold,auroc,pr_auc,diagnostic_best_threshold,diagnostic_f1_best_threshold,diagnostic_best_mcc_threshold,diagnostic_mcc_best_threshold,top_5pct_precision_micro,top_5pct_enrichment_micro,top_10pct_precision_micro,top_10pct_enrichment_micro,loss,skipped_nonfinite
val,validation,0.43,0.43,0.7101672889735338,0.5244995860027086,0.7106057015419878,0.6531917580451666,0.7790853840689037,0.5175986833539571,0.8475458507643918,0.7915125197327595,0.43,0.7106057015419878,0.66,0.5288580937867273,0.8715532873460079,2.328910245256362,0.8393827530637484,2.2429461533607613,0.5456502054418836,0
test,test_at_val_threshold,0.43,0.43,0.6514212097361034,0.4803300439733902,0.6546652572612103,0.5614674508288005,0.784960625868547,0.48353382864159944,0.8308474650022952,0.6437024737801593,0.39,0.6553775599730152,0.39,0.4842773841392416,0.7647194584059903,2.536145042411422,0.724468893727213,2.402656520650614,0.6129907880510602,0
