{
  "eval_json": "results/strict_eval/contact_site_esm_final_contact_noseq_reg_seed44_e30_lr5e5_hpcue_20260619_002328_eval.json",
  "checkpoint": "runs/contact_site_esm_final_contact_noseq_reg_seed44_e30_lr5e5_hpcue_20260619_002328/best.pt",
  "config": "results/strict_eval/configs/contact_site_esm_final_contact_noseq_reg_seed44_e30_lr5e5_hpcue_20260619_002328.yaml",
  "val_selected_threshold": 0.46,
  "rows": [
    {
      "split": "val",
      "metric_scope": "validation",
      "val_selected_threshold": 0.46,
      "threshold_used": 0.46,
      "f1_at_0_5": 0.7112472115382331,
      "mcc_at_0_5": 0.5253339598497586,
      "f1_at_val_threshold": 0.7124617468230413,
      "precision_at_val_threshold": 0.6586583749270069,
      "recall_at_val_threshold": 0.7758370088840802,
      "mcc_at_val_threshold": 0.5218411992485322,
      "auroc": 0.8465203237243683,
      "pr_auc": 0.785648078432369,
      "diagnostic_best_threshold": 0.46,
      "diagnostic_f1_best_threshold": 0.7124617468230413,
      "diagnostic_best_mcc_threshold": 0.58,
      "diagnostic_mcc_best_threshold": 0.5281099972340072,
      "top_5pct_precision_micro": 0.8599629858112277,
      "top_5pct_enrichment_micro": 2.297939365584556,
      "top_10pct_precision_micro": 0.8179552524079001,
      "top_10pct_enrichment_micro": 2.185688924764214,
      "loss": 0.5201397077603773,
      "skipped_nonfinite": 0
    },
    {
      "split": "test",
      "metric_scope": "test_at_val_threshold",
      "val_selected_threshold": 0.46,
      "threshold_used": 0.46,
      "f1_at_0_5": 0.6253585863861725,
      "mcc_at_0_5": 0.450524321541245,
      "f1_at_val_threshold": 0.6317160294590024,
      "precision_at_val_threshold": 0.5754905901183903,
      "recall_at_val_threshold": 0.7001175219174087,
      "mcc_at_val_threshold": 0.45438231399560186,
      "auroc": 0.822109095866159,
      "pr_auc": 0.6454189681174323,
      "diagnostic_best_threshold": 0.36,
      "diagnostic_f1_best_threshold": 0.6399666926586244,
      "diagnostic_best_mcc_threshold": 0.37,
      "diagnostic_mcc_best_threshold": 0.4597841098738157,
      "top_5pct_precision_micro": 0.744281464765617,
      "top_5pct_enrichment_micro": 2.468363693737605,
      "top_10pct_precision_micro": 0.7125648986743278,
      "top_10pct_enrichment_micro": 2.36317765332691,
      "loss": 0.5796062458645214,
      "skipped_nonfinite": 0
    }
  ]
}
