{
  "eval_json": "results/strict_eval/contact_site_esm_noseq_noctx_relaxed_reg_seed43_e30_lr5e5_hpcue_20260619_002328_eval.json",
  "checkpoint": "runs/contact_site_esm_noseq_noctx_relaxed_reg_seed43_e30_lr5e5_hpcue_20260619_002328/best.pt",
  "config": "results/strict_eval/configs/contact_site_esm_noseq_noctx_relaxed_reg_seed43_e30_lr5e5_hpcue_20260619_002328.yaml",
  "val_selected_threshold": 0.41,
  "rows": [
    {
      "split": "val",
      "metric_scope": "validation",
      "val_selected_threshold": 0.41,
      "threshold_used": 0.41,
      "f1_at_0_5": 0.7029202622276286,
      "mcc_at_0_5": 0.5078194718449455,
      "f1_at_val_threshold": 0.7043380869270034,
      "precision_at_val_threshold": 0.6343356530833903,
      "recall_at_val_threshold": 0.791707355034354,
      "mcc_at_val_threshold": 0.5031868158580726,
      "auroc": 0.8395187722837257,
      "pr_auc": 0.7679851093397446,
      "diagnostic_best_threshold": 0.41,
      "diagnostic_f1_best_threshold": 0.7043380869270034,
      "diagnostic_best_mcc_threshold": 0.68,
      "diagnostic_mcc_best_threshold": 0.5108569860824832,
      "top_5pct_precision_micro": 0.854691268016376,
      "top_5pct_enrichment_micro": 2.283852610637057,
      "top_10pct_precision_micro": 0.8117715399317917,
      "top_10pct_enrichment_micro": 2.1691651946051755,
      "loss": 0.5788792967796326,
      "skipped_nonfinite": 0
    },
    {
      "split": "test",
      "metric_scope": "test_at_val_threshold",
      "val_selected_threshold": 0.41,
      "threshold_used": 0.41,
      "f1_at_0_5": 0.6484653170370155,
      "mcc_at_0_5": 0.47435226875598063,
      "f1_at_val_threshold": 0.6465171711601986,
      "precision_at_val_threshold": 0.544968891111536,
      "recall_at_val_threshold": 0.7945768353149073,
      "mcc_at_val_threshold": 0.4698564559515806,
      "auroc": 0.8228795985336399,
      "pr_auc": 0.6219013493216222,
      "diagnostic_best_threshold": 0.52,
      "diagnostic_f1_best_threshold": 0.6488299220192486,
      "diagnostic_best_mcc_threshold": 0.52,
      "diagnostic_mcc_best_threshold": 0.47546194794767527,
      "top_5pct_precision_micro": 0.7492563339829726,
      "top_5pct_enrichment_micro": 2.4848625414700023,
      "top_10pct_precision_micro": 0.7006222542868553,
      "top_10pct_enrichment_micro": 2.3235706078625444,
      "loss": 0.661145099571773,
      "skipped_nonfinite": 0
    }
  ]
}
