split,metric_scope,val_selected_threshold,threshold_used,f1_at_0_5,mcc_at_0_5,f1_at_val_threshold,precision_at_val_threshold,recall_at_val_threshold,mcc_at_val_threshold,auroc,pr_auc,diagnostic_best_threshold,diagnostic_f1_best_threshold,diagnostic_best_mcc_threshold,diagnostic_mcc_best_threshold,top_5pct_precision_micro,top_5pct_enrichment_micro,top_10pct_precision_micro,top_10pct_enrichment_micro,loss,skipped_nonfinite
val,validation,0.46,0.46,0.7118636140955173,0.5233021378026737,0.7120646504525054,0.65083852300222,0.7860063812748994,0.5190668192566611,0.8526560970707628,0.7966251291091888,0.46,0.7120646504525054,0.66,0.5303338763685197,0.8787131026489448,2.3480422564084615,0.8450043098602106,2.2579677262326143,0.5048293417150324,0
test,test_at_val_threshold,0.46,0.46,0.648290758649064,0.47772659826844277,0.6505515431768444,0.5708743272039536,0.7560776845608798,0.4785623115783501,0.8337950221306507,0.6605228737902775,0.42,0.6516688858902066,0.44,0.47875113162996324,0.7914401477074572,2.624762564767906,0.7304080081421265,2.4223532282655786,0.5598620582710613,0
