{
  "eval_json": "results/strict_eval/contact_site_esm_final_contact_predstruct_reg_seed44_e30_lr5e5_hpcue_20260619_002328_eval.json",
  "checkpoint": "runs/contact_site_esm_final_contact_predstruct_reg_seed44_e30_lr5e5_hpcue_20260619_002328/best.pt",
  "config": "results/strict_eval/configs/contact_site_esm_final_contact_predstruct_reg_seed44_e30_lr5e5_hpcue_20260619_002328.yaml",
  "val_selected_threshold": 0.48,
  "rows": [
    {
      "split": "val",
      "metric_scope": "validation",
      "val_selected_threshold": 0.48,
      "threshold_used": 0.48,
      "f1_at_0_5": 0.708727094634794,
      "mcc_at_0_5": 0.5179864645045023,
      "f1_at_val_threshold": 0.7089753708771424,
      "precision_at_val_threshold": 0.6552429918086905,
      "recall_at_val_threshold": 0.7723074760325641,
      "mcc_at_val_threshold": 0.5158697496471277,
      "auroc": 0.8512508149795303,
      "pr_auc": 0.7975720605575481,
      "diagnostic_best_threshold": 0.48,
      "diagnostic_f1_best_threshold": 0.7089753708771424,
      "diagnostic_best_mcc_threshold": 0.69,
      "diagnostic_mcc_best_threshold": 0.5264113598917532,
      "top_5pct_precision_micro": 0.8678518684687716,
      "top_5pct_enrichment_micro": 2.319019544974075,
      "top_10pct_precision_micro": 0.8392796911891467,
      "top_10pct_enrichment_micro": 2.242670757858111,
      "loss": 0.5122706863013181,
      "skipped_nonfinite": 0
    },
    {
      "split": "test",
      "metric_scope": "test_at_val_threshold",
      "val_selected_threshold": 0.48,
      "threshold_used": 0.48,
      "f1_at_0_5": 0.6538167136794735,
      "mcc_at_0_5": 0.4873839987472078,
      "f1_at_val_threshold": 0.6546895070078319,
      "precision_at_val_threshold": 0.586328005700906,
      "recall_at_val_threshold": 0.7410957846518091,
      "mcc_at_val_threshold": 0.4869998015399481,
      "auroc": 0.8379188340800856,
      "pr_auc": 0.6668754676228323,
      "diagnostic_best_threshold": 0.44,
      "diagnostic_f1_best_threshold": 0.655331952181902,
      "diagnostic_best_mcc_threshold": 0.51,
      "diagnostic_mcc_best_threshold": 0.48796155049211826,
      "top_5pct_precision_micro": 0.7826443737819263,
      "top_5pct_enrichment_micro": 2.5955919216121726,
      "top_10pct_precision_micro": 0.7205266615993094,
      "top_10pct_enrichment_micro": 2.3895823503031535,
      "loss": 0.5537716475400057,
      "skipped_nonfinite": 0
    }
  ]
}
