{
  "eval_json": "results/strict_eval/contact_site_esm_predstruct_noctx_reg_seed44_e30_lr5e5_hpcue_20260619_002109_eval.json",
  "checkpoint": "runs/contact_site_esm_predstruct_noctx_reg_seed44_e30_lr5e5_hpcue_20260619_002109/best.pt",
  "config": "results/strict_eval/configs/contact_site_esm_predstruct_noctx_reg_seed44_e30_lr5e5_hpcue_20260619_002109.yaml",
  "val_selected_threshold": 0.43,
  "rows": [
    {
      "split": "val",
      "metric_scope": "validation",
      "val_selected_threshold": 0.43,
      "threshold_used": 0.43,
      "f1_at_0_5": 0.7101672889735338,
      "mcc_at_0_5": 0.5244995860027086,
      "f1_at_val_threshold": 0.7106057015419878,
      "precision_at_val_threshold": 0.6531917580451666,
      "recall_at_val_threshold": 0.7790853840689037,
      "mcc_at_val_threshold": 0.5175986833539571,
      "auroc": 0.8475458507643918,
      "pr_auc": 0.7915125197327595,
      "diagnostic_best_threshold": 0.43,
      "diagnostic_f1_best_threshold": 0.7106057015419878,
      "diagnostic_best_mcc_threshold": 0.66,
      "diagnostic_mcc_best_threshold": 0.5288580937867273,
      "top_5pct_precision_micro": 0.8715532873460079,
      "top_5pct_enrichment_micro": 2.328910245256362,
      "top_10pct_precision_micro": 0.8393827530637484,
      "top_10pct_enrichment_micro": 2.2429461533607613,
      "loss": 0.5456502054418836,
      "skipped_nonfinite": 0
    },
    {
      "split": "test",
      "metric_scope": "test_at_val_threshold",
      "val_selected_threshold": 0.43,
      "threshold_used": 0.43,
      "f1_at_0_5": 0.6514212097361034,
      "mcc_at_0_5": 0.4803300439733902,
      "f1_at_val_threshold": 0.6546652572612103,
      "precision_at_val_threshold": 0.5614674508288005,
      "recall_at_val_threshold": 0.784960625868547,
      "mcc_at_val_threshold": 0.48353382864159944,
      "auroc": 0.8308474650022952,
      "pr_auc": 0.6437024737801593,
      "diagnostic_best_threshold": 0.39,
      "diagnostic_f1_best_threshold": 0.6553775599730152,
      "diagnostic_best_mcc_threshold": 0.39,
      "diagnostic_mcc_best_threshold": 0.4842773841392416,
      "top_5pct_precision_micro": 0.7647194584059903,
      "top_5pct_enrichment_micro": 2.536145042411422,
      "top_10pct_precision_micro": 0.724468893727213,
      "top_10pct_enrichment_micro": 2.402656520650614,
      "loss": 0.6129907880510602,
      "skipped_nonfinite": 0
    }
  ]
}
