split,metric_scope,val_selected_threshold,threshold_used,f1_at_0_5,mcc_at_0_5,f1_at_val_threshold,precision_at_val_threshold,recall_at_val_threshold,mcc_at_val_threshold,auroc,pr_auc,diagnostic_best_threshold,diagnostic_f1_best_threshold,diagnostic_best_mcc_threshold,diagnostic_mcc_best_threshold,top_5pct_precision_micro,top_5pct_enrichment_micro,top_10pct_precision_micro,top_10pct_enrichment_micro,loss,skipped_nonfinite
val,validation,0.44,0.44,0.7275235652070159,0.5620799571153064,0.7293546440987378,0.7008826905630334,0.76023777905526,0.5579662416124782,0.8639508219177368,0.8194562751642834,0.44,0.7293546440987378,0.6,0.5661674010488504,0.8828818723945189,2.3591817824839656,0.8562099464078252,2.287910728157175,0.5406348478226435,0
test,test_at_val_threshold,0.44,0.44,0.6310903284183597,0.47125660047683193,0.6395989354459367,0.6161900446013309,0.66485665757373,0.4761400334904598,0.8468332003698573,0.6920641132735211,0.17,0.6589744163278509,0.16,0.49032019603373644,0.8299569186583239,2.7525010662836817,0.7690573427294161,2.5505313689269555,0.6299921189035688,0
