split,metric_scope,val_selected_threshold,threshold_used,f1_at_0_5,mcc_at_0_5,f1_at_val_threshold,precision_at_val_threshold,recall_at_val_threshold,mcc_at_val_threshold,auroc,pr_auc,diagnostic_best_threshold,diagnostic_f1_best_threshold,diagnostic_best_mcc_threshold,diagnostic_mcc_best_threshold,top_5pct_precision_micro,top_5pct_enrichment_micro,top_10pct_precision_micro,top_10pct_enrichment_micro,loss,skipped_nonfinite
val,validation,0.45,0.45,0.7309346284403331,0.5652472265315169,0.7316169860846428,0.7000483970484681,0.7661671934189024,0.5607671019148861,0.8621687318062038,0.8168962421856687,0.45,0.7316169860846428,0.58,0.5683197894144827,0.8881535901893706,2.3732685374314646,0.8578495671401267,2.2922920202447994,0.5312219574337914,0
test,test_at_val_threshold,0.45,0.45,0.6565277519763867,0.5009040909709205,0.6635938974803961,0.6227699645300705,0.7101454869868067,0.5067108070206352,0.8518299825659572,0.6932692124183212,0.31,0.6736052187902898,0.33,0.5146266272034768,0.807493076212945,2.678001114667291,0.7462542353229152,2.474906265936743,0.5885176020009177,0
