split,metric_scope,val_selected_threshold,threshold_used,f1_at_0_5,mcc_at_0_5,f1_at_val_threshold,precision_at_val_threshold,recall_at_val_threshold,mcc_at_val_threshold,auroc,pr_auc,diagnostic_best_threshold,diagnostic_f1_best_threshold,diagnostic_best_mcc_threshold,diagnostic_mcc_best_threshold,top_5pct_precision_micro,top_5pct_enrichment_micro,top_10pct_precision_micro,top_10pct_enrichment_micro,loss,skipped_nonfinite
val,validation,0.44,0.44,0.7315856073197989,0.5665512824810676,0.7331354140576498,0.6953913501682137,0.7752119351429511,0.5614940990885917,0.8650950881768832,0.8187453671074877,0.44,0.7331354140576498,0.58,0.5685893504894398,0.8815545959284392,2.355635117231227,0.8544953715849043,2.28332914843126,0.5105345490432921,0
test,test_at_val_threshold,0.44,0.44,0.6508746804328468,0.49162682033384614,0.6594876512380345,0.6109186931508552,0.7164462058434985,0.49863897057357026,0.8468138110049014,0.6744078613395501,0.29,0.6697088771892965,0.29,0.5074920307461561,0.7603600369268643,2.5216872892438573,0.7333324744592314,2.4320520409089563,0.5800551034155346,0
