split,metric_scope,val_selected_threshold,threshold_used,f1_at_0_5,mcc_at_0_5,f1_at_val_threshold,precision_at_val_threshold,recall_at_val_threshold,mcc_at_val_threshold,auroc,pr_auc,diagnostic_best_threshold,diagnostic_f1_best_threshold,diagnostic_best_mcc_threshold,diagnostic_mcc_best_threshold,top_5pct_precision_micro,top_5pct_enrichment_micro,top_10pct_precision_micro,top_10pct_enrichment_micro,loss,skipped_nonfinite
val,validation,0.48,0.48,0.7318540259382712,0.5664178724363519,0.7320602795042388,0.7100682605936053,0.7554580987214857,0.5644601255677222,0.8688827130127479,0.8250092520339842,0.48,0.7320602795042388,0.67,0.5754218399946073,0.8832370590544557,2.3601308900868117,0.8569220102687104,2.2898134607209433,0.5190432653540656,0
test,test_at_val_threshold,0.48,0.48,0.6617884242334935,0.5050685266342984,0.6637053230384424,0.6203332575195469,0.713598229450821,0.5062471114957577,0.8548804768211217,0.6942949535684811,0.29,0.6747131260994972,0.29,0.515510570217271,0.8044927684890758,2.6680507786637313,0.7578232694760438,2.513274256041382,0.5789869143849328,0
