split,metric_scope,val_selected_threshold,threshold_used,f1_at_0_5,mcc_at_0_5,f1_at_val_threshold,precision_at_val_threshold,recall_at_val_threshold,mcc_at_val_threshold,auroc,pr_auc,diagnostic_best_threshold,diagnostic_f1_best_threshold,diagnostic_best_mcc_threshold,diagnostic_mcc_best_threshold,top_5pct_precision_micro,top_5pct_enrichment_micro,top_10pct_precision_micro,top_10pct_enrichment_micro,loss,skipped_nonfinite
val,validation,0.41,0.41,0.7029202622276286,0.5078194718449455,0.7043380869270034,0.6343356530833903,0.791707355034354,0.5031868158580726,0.8395187722837257,0.7679851093397446,0.41,0.7043380869270034,0.68,0.5108569860824832,0.854691268016376,2.283852610637057,0.8117715399317917,2.1691651946051755,0.5788792967796326,0
test,test_at_val_threshold,0.41,0.41,0.6484653170370155,0.47435226875598063,0.6465171711601986,0.544968891111536,0.7945768353149073,0.4698564559515806,0.8228795985336399,0.6219013493216222,0.52,0.6488299220192486,0.52,0.47546194794767527,0.7492563339829726,2.4848625414700023,0.7006222542868553,2.3235706078625444,0.661145099571773,0
