split,metric_scope,val_selected_threshold,threshold_used,f1_at_0_5,mcc_at_0_5,f1_at_val_threshold,precision_at_val_threshold,recall_at_val_threshold,mcc_at_val_threshold,auroc,pr_auc,diagnostic_best_threshold,diagnostic_f1_best_threshold,diagnostic_best_mcc_threshold,diagnostic_mcc_best_threshold,top_5pct_precision_micro,top_5pct_enrichment_micro,top_10pct_precision_micro,top_10pct_enrichment_micro,loss,skipped_nonfinite
val,validation,0.47,0.47,0.7057475086168141,0.5132983066814071,0.705997888359698,0.6526845673342299,0.7687955155352163,0.5108780380570696,0.8455288549794744,0.7890485247119992,0.47,0.705997888359698,0.73,0.521646759007684,0.8833118351933897,2.360330702213726,0.8444608927032192,2.256515640855002,0.5541577168873378,0
test,test_at_val_threshold,0.47,0.47,0.6560058189753148,0.48628723083127884,0.6563070544623195,0.5635775629959905,0.7855611028188104,0.48620364782633924,0.8308658801814092,0.6434539083189977,0.46,0.6565424101054793,0.49,0.4868770619948294,0.7712329469689199,2.557746626555901,0.7130158075778462,2.3646730649679593,0.6210019843918937,0
