split,metric_scope,val_selected_threshold,threshold_used,f1_at_0_5,mcc_at_0_5,f1_at_val_threshold,precision_at_val_threshold,recall_at_val_threshold,mcc_at_val_threshold,auroc,pr_auc,diagnostic_best_threshold,diagnostic_f1_best_threshold,diagnostic_best_mcc_threshold,diagnostic_mcc_best_threshold,top_5pct_precision_micro,top_5pct_enrichment_micro,top_10pct_precision_micro,top_10pct_enrichment_micro,loss,skipped_nonfinite
val,validation,0.41,0.41,0.7231458032857961,0.5571357089401789,0.7286598103618798,0.6876031585160766,0.7749307774762585,0.5530455114678045,0.8638158433287635,0.8110078854166808,0.41,0.7286598103618798,0.48,0.5581633355418469,0.8763950423419886,2.3418480804741,0.8498482179664956,2.270911314857195,0.5179288344723838,0
test,test_at_val_threshold,0.41,0.41,0.6457533551897011,0.5015143194714169,0.662652709729593,0.6368684811112914,0.6906128296189545,0.509316397539458,0.8587897450043083,0.7101166259718308,0.28,0.6746458052807213,0.32,0.5166097112021548,0.8339573289568161,2.765768180955094,0.772935159299674,2.56339190903998,0.5648369774931953,0
