{
  "eval_json": "results/strict_eval/contact_site_esm_mlc_predstruct_nograph_reg_seed42_e30_lr5e5_hpcue_20260619_002109_eval.json",
  "checkpoint": "runs/contact_site_esm_mlc_predstruct_nograph_reg_seed42_e30_lr5e5_hpcue_20260619_002109/best.pt",
  "config": "results/strict_eval/configs/contact_site_esm_mlc_predstruct_nograph_reg_seed42_e30_lr5e5_hpcue_20260619_002109.yaml",
  "val_selected_threshold": 0.41,
  "rows": [
    {
      "split": "val",
      "metric_scope": "validation",
      "val_selected_threshold": 0.41,
      "threshold_used": 0.41,
      "f1_at_0_5": 0.7231458032857961,
      "mcc_at_0_5": 0.5571357089401789,
      "f1_at_val_threshold": 0.7286598103618798,
      "precision_at_val_threshold": 0.6876031585160766,
      "recall_at_val_threshold": 0.7749307774762585,
      "mcc_at_val_threshold": 0.5530455114678045,
      "auroc": 0.8638158433287635,
      "pr_auc": 0.8110078854166808,
      "diagnostic_best_threshold": 0.41,
      "diagnostic_f1_best_threshold": 0.7286598103618798,
      "diagnostic_best_mcc_threshold": 0.48,
      "diagnostic_mcc_best_threshold": 0.5581633355418469,
      "top_5pct_precision_micro": 0.8763950423419886,
      "top_5pct_enrichment_micro": 2.3418480804741,
      "top_10pct_precision_micro": 0.8498482179664956,
      "top_10pct_enrichment_micro": 2.270911314857195,
      "loss": 0.5179288344723838,
      "skipped_nonfinite": 0
    },
    {
      "split": "test",
      "metric_scope": "test_at_val_threshold",
      "val_selected_threshold": 0.41,
      "threshold_used": 0.41,
      "f1_at_0_5": 0.6457533551897011,
      "mcc_at_0_5": 0.5015143194714169,
      "f1_at_val_threshold": 0.662652709729593,
      "precision_at_val_threshold": 0.6368684811112914,
      "recall_at_val_threshold": 0.6906128296189545,
      "mcc_at_val_threshold": 0.509316397539458,
      "auroc": 0.8587897450043083,
      "pr_auc": 0.7101166259718308,
      "diagnostic_best_threshold": 0.28,
      "diagnostic_f1_best_threshold": 0.6746458052807213,
      "diagnostic_best_mcc_threshold": 0.32,
      "diagnostic_mcc_best_threshold": 0.5166097112021548,
      "top_5pct_precision_micro": 0.8339573289568161,
      "top_5pct_enrichment_micro": 2.765768180955094,
      "top_10pct_precision_micro": 0.772935159299674,
      "top_10pct_enrichment_micro": 2.56339190903998,
      "loss": 0.5648369774931953,
      "skipped_nonfinite": 0
    }
  ]
}
