{
  "eval_json": "results/strict_eval/contact_site_esm_mlc_predstruct_full_reg_seed43_e30_lr5e5_hpcue_20260619_002109_eval.json",
  "checkpoint": "runs/contact_site_esm_mlc_predstruct_full_reg_seed43_e30_lr5e5_hpcue_20260619_002109/best.pt",
  "config": "results/strict_eval/configs/contact_site_esm_mlc_predstruct_full_reg_seed43_e30_lr5e5_hpcue_20260619_002109.yaml",
  "val_selected_threshold": 0.44,
  "rows": [
    {
      "split": "val",
      "metric_scope": "validation",
      "val_selected_threshold": 0.44,
      "threshold_used": 0.44,
      "f1_at_0_5": 0.7275235652070159,
      "mcc_at_0_5": 0.5620799571153064,
      "f1_at_val_threshold": 0.7293546440987378,
      "precision_at_val_threshold": 0.7008826905630334,
      "recall_at_val_threshold": 0.76023777905526,
      "mcc_at_val_threshold": 0.5579662416124782,
      "auroc": 0.8639508219177368,
      "pr_auc": 0.8194562751642834,
      "diagnostic_best_threshold": 0.44,
      "diagnostic_f1_best_threshold": 0.7293546440987378,
      "diagnostic_best_mcc_threshold": 0.6,
      "diagnostic_mcc_best_threshold": 0.5661674010488504,
      "top_5pct_precision_micro": 0.8828818723945189,
      "top_5pct_enrichment_micro": 2.3591817824839656,
      "top_10pct_precision_micro": 0.8562099464078252,
      "top_10pct_enrichment_micro": 2.287910728157175,
      "loss": 0.5406348478226435,
      "skipped_nonfinite": 0
    },
    {
      "split": "test",
      "metric_scope": "test_at_val_threshold",
      "val_selected_threshold": 0.44,
      "threshold_used": 0.44,
      "f1_at_0_5": 0.6310903284183597,
      "mcc_at_0_5": 0.47125660047683193,
      "f1_at_val_threshold": 0.6395989354459367,
      "precision_at_val_threshold": 0.6161900446013309,
      "recall_at_val_threshold": 0.66485665757373,
      "mcc_at_val_threshold": 0.4761400334904598,
      "auroc": 0.8468332003698573,
      "pr_auc": 0.6920641132735211,
      "diagnostic_best_threshold": 0.17,
      "diagnostic_f1_best_threshold": 0.6589744163278509,
      "diagnostic_best_mcc_threshold": 0.16,
      "diagnostic_mcc_best_threshold": 0.49032019603373644,
      "top_5pct_precision_micro": 0.8299569186583239,
      "top_5pct_enrichment_micro": 2.7525010662836817,
      "top_10pct_precision_micro": 0.7690573427294161,
      "top_10pct_enrichment_micro": 2.5505313689269555,
      "loss": 0.6299921189035688,
      "skipped_nonfinite": 0
    }
  ]
}
