split,metric_scope,val_selected_threshold,threshold_used,f1_at_0_5,mcc_at_0_5,f1_at_val_threshold,precision_at_val_threshold,recall_at_val_threshold,mcc_at_val_threshold,auroc,pr_auc,diagnostic_best_threshold,diagnostic_f1_best_threshold,diagnostic_best_mcc_threshold,diagnostic_mcc_best_threshold,top_5pct_precision_micro,top_5pct_enrichment_micro,top_10pct_precision_micro,top_10pct_enrichment_micro,loss,skipped_nonfinite
val,validation,0.47,0.47,0.7058459810878904,0.5157968048255419,0.7065662694096575,0.6589757346823961,0.7615657469631206,0.5136657831751973,0.8412901849515015,0.7646027860836032,0.47,0.7065662694096575,0.67,0.5167898801635552,0.8495130203951919,2.2700156208482016,0.8229396994340966,2.1990080527105906,0.5757171937397548,0
test,test_at_val_threshold,0.47,0.47,0.6414614761858005,0.46470216529887765,0.6427348490800819,0.5598878167886442,0.7543577470104826,0.4656828102336832,0.8191285424665592,0.6137792667523251,0.35,0.6480558703350116,0.32,0.47237293573575223,0.7658990665709303,2.540057140327351,0.7045387201917007,2.3365593261162307,0.677301457950047,0
