{
  "eval_json": "results/strict_eval/contact_site_esm_mlc_predstruct_nograph_reg_seed44_e30_lr5e5_hpcue_20260619_002328_eval.json",
  "checkpoint": "runs/contact_site_esm_mlc_predstruct_nograph_reg_seed44_e30_lr5e5_hpcue_20260619_002328/best.pt",
  "config": "results/strict_eval/configs/contact_site_esm_mlc_predstruct_nograph_reg_seed44_e30_lr5e5_hpcue_20260619_002328.yaml",
  "val_selected_threshold": 0.44,
  "rows": [
    {
      "split": "val",
      "metric_scope": "validation",
      "val_selected_threshold": 0.44,
      "threshold_used": 0.44,
      "f1_at_0_5": 0.7315856073197989,
      "mcc_at_0_5": 0.5665512824810676,
      "f1_at_val_threshold": 0.7331354140576498,
      "precision_at_val_threshold": 0.6953913501682137,
      "recall_at_val_threshold": 0.7752119351429511,
      "mcc_at_val_threshold": 0.5614940990885917,
      "auroc": 0.8650950881768832,
      "pr_auc": 0.8187453671074877,
      "diagnostic_best_threshold": 0.44,
      "diagnostic_f1_best_threshold": 0.7331354140576498,
      "diagnostic_best_mcc_threshold": 0.58,
      "diagnostic_mcc_best_threshold": 0.5685893504894398,
      "top_5pct_precision_micro": 0.8815545959284392,
      "top_5pct_enrichment_micro": 2.355635117231227,
      "top_10pct_precision_micro": 0.8544953715849043,
      "top_10pct_enrichment_micro": 2.28332914843126,
      "loss": 0.5105345490432921,
      "skipped_nonfinite": 0
    },
    {
      "split": "test",
      "metric_scope": "test_at_val_threshold",
      "val_selected_threshold": 0.44,
      "threshold_used": 0.44,
      "f1_at_0_5": 0.6508746804328468,
      "mcc_at_0_5": 0.49162682033384614,
      "f1_at_val_threshold": 0.6594876512380345,
      "precision_at_val_threshold": 0.6109186931508552,
      "recall_at_val_threshold": 0.7164462058434985,
      "mcc_at_val_threshold": 0.49863897057357026,
      "auroc": 0.8468138110049014,
      "pr_auc": 0.6744078613395501,
      "diagnostic_best_threshold": 0.29,
      "diagnostic_f1_best_threshold": 0.6697088771892965,
      "diagnostic_best_mcc_threshold": 0.29,
      "diagnostic_mcc_best_threshold": 0.5074920307461561,
      "top_5pct_precision_micro": 0.7603600369268643,
      "top_5pct_enrichment_micro": 2.5216872892438573,
      "top_10pct_precision_micro": 0.7333324744592314,
      "top_10pct_enrichment_micro": 2.4320520409089563,
      "loss": 0.5800551034155346,
      "skipped_nonfinite": 0
    }
  ]
}
