split,metric_scope,val_selected_threshold,threshold_used,f1_at_0_5,mcc_at_0_5,f1_at_val_threshold,precision_at_val_threshold,recall_at_val_threshold,mcc_at_val_threshold,auroc,pr_auc,diagnostic_best_threshold,diagnostic_f1_best_threshold,diagnostic_best_mcc_threshold,diagnostic_mcc_best_threshold,top_5pct_precision_micro,top_5pct_enrichment_micro,top_10pct_precision_micro,top_10pct_enrichment_micro,loss,skipped_nonfinite
val,validation,0.43,0.43,0.7262899105688256,0.5576767051992234,0.7280995146667427,0.6901000272045218,0.7705276475889475,0.5529913052337702,0.8656268799544302,0.8165920932057097,0.43,0.7280995146667427,0.65,0.5611990251603017,0.8841904548258651,2.3626784947049764,0.8548607727766743,2.28430555066793,0.5240128565402258,0
test,test_at_val_threshold,0.43,0.43,0.6446037581699345,0.4816729055830508,0.6520513353383341,0.6005272471200029,0.7132465215228095,0.4866577170498843,0.8496283360048867,0.6870712580558186,0.23,0.6638857609927109,0.21,0.498733707346635,0.8356241665811878,2.7712961454015157,0.7621391118382912,2.527587481748569,0.5962626763752529,0
