{
  "eval_json": "results/strict_eval/contact_site_esm_mlc_predstruct_full_nostrongreg_seed42_e30_lr5e5_hpcue_20260619_002109_eval.json",
  "checkpoint": "runs/contact_site_esm_mlc_predstruct_full_nostrongreg_seed42_e30_lr5e5_hpcue_20260619_002109/best.pt",
  "config": "results/strict_eval/configs/contact_site_esm_mlc_predstruct_full_nostrongreg_seed42_e30_lr5e5_hpcue_20260619_002109.yaml",
  "val_selected_threshold": 0.45,
  "rows": [
    {
      "split": "val",
      "metric_scope": "validation",
      "val_selected_threshold": 0.45,
      "threshold_used": 0.45,
      "f1_at_0_5": 0.7258265987158166,
      "mcc_at_0_5": 0.5545091224919427,
      "f1_at_val_threshold": 0.7281709455775407,
      "precision_at_val_threshold": 0.6871159358636557,
      "recall_at_val_threshold": 0.774443772232166,
      "mcc_at_val_threshold": 0.5522239361136821,
      "auroc": 0.862166423317816,
      "pr_auc": 0.8148153009022404,
      "diagnostic_best_threshold": 0.45,
      "diagnostic_f1_best_threshold": 0.7281709455775407,
      "diagnostic_best_mcc_threshold": 0.61,
      "diagnostic_mcc_best_threshold": 0.5617699591751742,
      "top_5pct_precision_micro": 0.8897051950722524,
      "top_5pct_enrichment_micro": 2.3774146390649484,
      "top_10pct_precision_micro": 0.8593018026458794,
      "top_10pct_enrichment_micro": 2.2961725932366943,
      "loss": 0.584236707006182,
      "skipped_nonfinite": 0
    },
    {
      "split": "test",
      "metric_scope": "test_at_val_threshold",
      "val_selected_threshold": 0.45,
      "threshold_used": 0.45,
      "f1_at_0_5": 0.6314289942200617,
      "mcc_at_0_5": 0.47946244376454633,
      "f1_at_val_threshold": 0.6408837186484855,
      "precision_at_val_threshold": 0.6374289848062489,
      "recall_at_val_threshold": 0.6443761044486763,
      "mcc_at_val_threshold": 0.4846631131513454,
      "auroc": 0.8442563373242253,
      "pr_auc": 0.6826961449456361,
      "diagnostic_best_threshold": 0.18,
      "diagnostic_f1_best_threshold": 0.66672119516996,
      "diagnostic_best_mcc_threshold": 0.24,
      "diagnostic_mcc_best_threshold": 0.5028987284428958,
      "top_5pct_precision_micro": 0.787439737408965,
      "top_5pct_enrichment_micro": 2.6114954500964935,
      "top_10pct_precision_micro": 0.7538166217904948,
      "top_10pct_enrichment_micro": 2.4999864554594855,
      "loss": 0.6947155140695118,
      "skipped_nonfinite": 0
    }
  ]
}
