split,metric_scope,val_selected_threshold,threshold_used,f1_at_0_5,mcc_at_0_5,f1_at_val_threshold,precision_at_val_threshold,recall_at_val_threshold,mcc_at_val_threshold,auroc,pr_auc,diagnostic_best_threshold,diagnostic_f1_best_threshold,diagnostic_best_mcc_threshold,diagnostic_mcc_best_threshold,top_5pct_precision_micro,top_5pct_enrichment_micro,top_10pct_precision_micro,top_10pct_enrichment_micro,loss,skipped_nonfinite
val,validation,0.43,0.43,0.7035756980800113,0.5205427486872749,0.70737667138387,0.6565839626961452,0.7666868330350217,0.5140302413367361,0.8435407710196712,0.7790714795686622,0.43,0.70737667138387,0.55,0.5223868734711025,0.8629166432991232,2.3058319445976934,0.8233613161938312,2.2001346706759795,0.5277262167497114,0
test,test_at_val_threshold,0.43,0.43,0.6306407082018861,0.46609893119473805,0.6430063287405059,0.593754313068871,0.7011683565803696,0.47351657935943703,0.8328328429299127,0.660553271925178,0.29,0.6480680665588421,0.43,0.47351657935943703,0.7811570417478716,2.5906592764138274,0.711379652413651,2.3592468570132947,0.5675284997983412,0
