split,metric_scope,val_selected_threshold,threshold_used,f1_at_0_5,mcc_at_0_5,f1_at_val_threshold,precision_at_val_threshold,recall_at_val_threshold,mcc_at_val_threshold,auroc,pr_auc,diagnostic_best_threshold,diagnostic_f1_best_threshold,diagnostic_best_mcc_threshold,diagnostic_mcc_best_threshold,top_5pct_precision_micro,top_5pct_enrichment_micro,top_10pct_precision_micro,top_10pct_enrichment_micro,loss,skipped_nonfinite
val,validation,0.48,0.48,0.708727094634794,0.5179864645045023,0.7089753708771424,0.6552429918086905,0.7723074760325641,0.5158697496471277,0.8512508149795303,0.7975720605575481,0.48,0.7089753708771424,0.69,0.5264113598917532,0.8678518684687716,2.319019544974075,0.8392796911891467,2.242670757858111,0.5122706863013181,0
test,test_at_val_threshold,0.48,0.48,0.6538167136794735,0.4873839987472078,0.6546895070078319,0.586328005700906,0.7410957846518091,0.4869998015399481,0.8379188340800856,0.6668754676228323,0.44,0.655331952181902,0.51,0.48796155049211826,0.7826443737819263,2.5955919216121726,0.7205266615993094,2.3895823503031535,0.5537716475400057,0
