{
  "eval_json": "results/strict_eval/contact_site_esm_mlc_predstruct_full_reg_seed42_e30_lr5e5_hpcue_20260619_002109_eval.json",
  "checkpoint": "runs/contact_site_esm_mlc_predstruct_full_reg_seed42_e30_lr5e5_hpcue_20260619_002109/best.pt",
  "config": "results/strict_eval/configs/contact_site_esm_mlc_predstruct_full_reg_seed42_e30_lr5e5_hpcue_20260619_002109.yaml",
  "val_selected_threshold": 0.46,
  "rows": [
    {
      "split": "val",
      "metric_scope": "validation",
      "val_selected_threshold": 0.46,
      "threshold_used": 0.46,
      "f1_at_0_5": 0.7309795731266379,
      "mcc_at_0_5": 0.564375144745077,
      "f1_at_val_threshold": 0.7313625048563248,
      "precision_at_val_threshold": 0.7000856268551529,
      "recall_at_val_threshold": 0.7655647127045611,
      "mcc_at_val_threshold": 0.5604325590522603,
      "auroc": 0.8651274398095644,
      "pr_auc": 0.8180545027136201,
      "diagnostic_best_threshold": 0.46,
      "diagnostic_f1_best_threshold": 0.7313625048563248,
      "diagnostic_best_mcc_threshold": 0.57,
      "diagnostic_mcc_best_threshold": 0.5697302937244524,
      "top_5pct_precision_micro": 0.8910324715383321,
      "top_5pct_enrichment_micro": 2.3809613043176876,
      "top_10pct_precision_micro": 0.8621594273507477,
      "top_10pct_enrichment_micro": 2.303808559446553,
      "loss": 0.5284251230103629,
      "skipped_nonfinite": 0
    },
    {
      "split": "test",
      "metric_scope": "test_at_val_threshold",
      "val_selected_threshold": 0.46,
      "threshold_used": 0.46,
      "f1_at_0_5": 0.6531301013548563,
      "mcc_at_0_5": 0.5007303970564283,
      "f1_at_val_threshold": 0.6596163824021267,
      "precision_at_val_threshold": 0.6366298904694452,
      "recall_at_val_threshold": 0.6843249781254825,
      "mcc_at_val_threshold": 0.5056551178593816,
      "auroc": 0.8519049903529533,
      "pr_auc": 0.6916831542310015,
      "diagnostic_best_threshold": 0.26,
      "diagnostic_f1_best_threshold": 0.6764796400647766,
      "diagnostic_best_mcc_threshold": 0.26,
      "diagnostic_mcc_best_threshold": 0.518740236015707,
      "top_5pct_precision_micro": 0.7911067801825828,
      "top_5pct_enrichment_micro": 2.6236569718786216,
      "top_10pct_precision_micro": 0.7509308048079772,
      "top_10pct_enrichment_micro": 2.4904158209567697,
      "loss": 0.6037068296046484,
      "skipped_nonfinite": 0
    }
  ]
}
