split,metric_scope,val_selected_threshold,threshold_used,f1_at_0_5,mcc_at_0_5,f1_at_val_threshold,precision_at_val_threshold,recall_at_val_threshold,mcc_at_val_threshold,auroc,pr_auc,diagnostic_best_threshold,diagnostic_f1_best_threshold,diagnostic_best_mcc_threshold,diagnostic_mcc_best_threshold,top_5pct_precision_micro,top_5pct_enrichment_micro,top_10pct_precision_micro,top_10pct_enrichment_micro,loss,skipped_nonfinite
val,validation,0.46,0.46,0.7056943478869531,0.5158696747257242,0.7062340971313555,0.6520270126690948,0.7702715932853524,0.5110084028061941,0.8457295836718751,0.7789233079213628,0.46,0.7062340971313555,0.56,0.5199743833634296,0.8401286149589666,2.2449391989203846,0.8122868493048008,2.1705421721184286,0.5222329659895464,0
test,test_at_val_threshold,0.46,0.46,0.6296415660981182,0.4606755493052268,0.6375509152354241,0.5926549654158391,0.6898064748571723,0.46648039315302686,0.8311321480167949,0.6584217060988661,0.32,0.6479900941163732,0.34,0.47270555830354877,0.7648733203405478,2.5366553160526304,0.7185426624238286,2.3830025390825362,0.5708786411718889,0
