{
  "eval_json": "results/strict_eval/contact_site_esm_mlc_noseq_contact_reg_seed43_e30_lr5e5_hpcue_20260619_002328_eval.json",
  "checkpoint": "runs/contact_site_esm_mlc_noseq_contact_reg_seed43_e30_lr5e5_hpcue_20260619_002328/best.pt",
  "config": "results/strict_eval/configs/contact_site_esm_mlc_noseq_contact_reg_seed43_e30_lr5e5_hpcue_20260619_002328.yaml",
  "val_selected_threshold": 0.5,
  "rows": [
    {
      "split": "val",
      "metric_scope": "validation",
      "val_selected_threshold": 0.5,
      "threshold_used": 0.5,
      "f1_at_0_5": 0.7231274683043172,
      "mcc_at_0_5": 0.5482346598536948,
      "f1_at_val_threshold": 0.7231274683043172,
      "precision_at_val_threshold": 0.6963996364067502,
      "recall_at_val_threshold": 0.7519888139414037,
      "mcc_at_val_threshold": 0.5482346598536948,
      "auroc": 0.8556339170128645,
      "pr_auc": 0.8054895594924691,
      "diagnostic_best_threshold": 0.5,
      "diagnostic_f1_best_threshold": 0.7231274683043172,
      "diagnostic_best_mcc_threshold": 0.68,
      "diagnostic_mcc_best_threshold": 0.5564701405511904,
      "top_5pct_precision_micro": 0.877423214252332,
      "top_5pct_enrichment_micro": 2.3445954972191796,
      "top_10pct_precision_micro": 0.8477026571225125,
      "top_10pct_enrichment_micro": 2.265178081211104,
      "loss": 0.5681584505807786,
      "skipped_nonfinite": 0
    },
    {
      "split": "test",
      "metric_scope": "test_at_val_threshold",
      "val_selected_threshold": 0.5,
      "threshold_used": 0.5,
      "f1_at_0_5": 0.6627526675223642,
      "mcc_at_0_5": 0.5026434885127283,
      "f1_at_val_threshold": 0.6627526675223642,
      "precision_at_val_threshold": 0.6101343281966539,
      "recall_at_val_threshold": 0.725303240859883,
      "mcc_at_val_threshold": 0.5026434885127283,
      "auroc": 0.8552024407805627,
      "pr_auc": 0.7029456070645953,
      "diagnostic_best_threshold": 0.24,
      "diagnostic_f1_best_threshold": 0.6700182436354589,
      "diagnostic_best_mcc_threshold": 0.24,
      "diagnostic_mcc_best_threshold": 0.5083151759339247,
      "top_5pct_precision_micro": 0.8210072827982358,
      "top_5pct_enrichment_micro": 2.722820149486741,
      "top_10pct_precision_micro": 0.7660813439661948,
      "top_10pct_enrichment_micro": 2.5406616520960292,
      "loss": 0.5984598227909633,
      "skipped_nonfinite": 0
    }
  ]
}
