{
  "eval_json": "results/strict_eval/contact_site_esm_predstruct_noctx_reg_seed43_e30_lr5e5_hpcue_20260619_002109_eval.json",
  "checkpoint": "runs/contact_site_esm_predstruct_noctx_reg_seed43_e30_lr5e5_hpcue_20260619_002109/best.pt",
  "config": "results/strict_eval/configs/contact_site_esm_predstruct_noctx_reg_seed43_e30_lr5e5_hpcue_20260619_002109.yaml",
  "val_selected_threshold": 0.47,
  "rows": [
    {
      "split": "val",
      "metric_scope": "validation",
      "val_selected_threshold": 0.47,
      "threshold_used": 0.47,
      "f1_at_0_5": 0.7057475086168141,
      "mcc_at_0_5": 0.5132983066814071,
      "f1_at_val_threshold": 0.705997888359698,
      "precision_at_val_threshold": 0.6526845673342299,
      "recall_at_val_threshold": 0.7687955155352163,
      "mcc_at_val_threshold": 0.5108780380570696,
      "auroc": 0.8455288549794744,
      "pr_auc": 0.7890485247119992,
      "diagnostic_best_threshold": 0.47,
      "diagnostic_f1_best_threshold": 0.705997888359698,
      "diagnostic_best_mcc_threshold": 0.73,
      "diagnostic_mcc_best_threshold": 0.521646759007684,
      "top_5pct_precision_micro": 0.8833118351933897,
      "top_5pct_enrichment_micro": 2.360330702213726,
      "top_10pct_precision_micro": 0.8444608927032192,
      "top_10pct_enrichment_micro": 2.256515640855002,
      "loss": 0.5541577168873378,
      "skipped_nonfinite": 0
    },
    {
      "split": "test",
      "metric_scope": "test_at_val_threshold",
      "val_selected_threshold": 0.47,
      "threshold_used": 0.47,
      "f1_at_0_5": 0.6560058189753148,
      "mcc_at_0_5": 0.48628723083127884,
      "f1_at_val_threshold": 0.6563070544623195,
      "precision_at_val_threshold": 0.5635775629959905,
      "recall_at_val_threshold": 0.7855611028188104,
      "mcc_at_val_threshold": 0.48620364782633924,
      "auroc": 0.8308658801814092,
      "pr_auc": 0.6434539083189977,
      "diagnostic_best_threshold": 0.46,
      "diagnostic_f1_best_threshold": 0.6565424101054793,
      "diagnostic_best_mcc_threshold": 0.49,
      "diagnostic_mcc_best_threshold": 0.4868770619948294,
      "top_5pct_precision_micro": 0.7712329469689199,
      "top_5pct_enrichment_micro": 2.557746626555901,
      "top_10pct_precision_micro": 0.7130158075778462,
      "top_10pct_enrichment_micro": 2.3646730649679593,
      "loss": 0.6210019843918937,
      "skipped_nonfinite": 0
    }
  ]
}
