{
  "eval_json": "results/strict_eval/contact_site_esm_final_contact_predstruct_reg_seed43_e30_lr5e5_hpcue_20260619_002328_eval.json",
  "checkpoint": "runs/contact_site_esm_final_contact_predstruct_reg_seed43_e30_lr5e5_hpcue_20260619_002328/best.pt",
  "config": "results/strict_eval/configs/contact_site_esm_final_contact_predstruct_reg_seed43_e30_lr5e5_hpcue_20260619_002328.yaml",
  "val_selected_threshold": 0.46,
  "rows": [
    {
      "split": "val",
      "metric_scope": "validation",
      "val_selected_threshold": 0.46,
      "threshold_used": 0.46,
      "f1_at_0_5": 0.7118636140955173,
      "mcc_at_0_5": 0.5233021378026737,
      "f1_at_val_threshold": 0.7120646504525054,
      "precision_at_val_threshold": 0.65083852300222,
      "recall_at_val_threshold": 0.7860063812748994,
      "mcc_at_val_threshold": 0.5190668192566611,
      "auroc": 0.8526560970707628,
      "pr_auc": 0.7966251291091888,
      "diagnostic_best_threshold": 0.46,
      "diagnostic_f1_best_threshold": 0.7120646504525054,
      "diagnostic_best_mcc_threshold": 0.66,
      "diagnostic_mcc_best_threshold": 0.5303338763685197,
      "top_5pct_precision_micro": 0.8787131026489448,
      "top_5pct_enrichment_micro": 2.3480422564084615,
      "top_10pct_precision_micro": 0.8450043098602106,
      "top_10pct_enrichment_micro": 2.2579677262326143,
      "loss": 0.5048293417150324,
      "skipped_nonfinite": 0
    },
    {
      "split": "test",
      "metric_scope": "test_at_val_threshold",
      "val_selected_threshold": 0.46,
      "threshold_used": 0.46,
      "f1_at_0_5": 0.648290758649064,
      "mcc_at_0_5": 0.47772659826844277,
      "f1_at_val_threshold": 0.6505515431768444,
      "precision_at_val_threshold": 0.5708743272039536,
      "recall_at_val_threshold": 0.7560776845608798,
      "mcc_at_val_threshold": 0.4785623115783501,
      "auroc": 0.8337950221306507,
      "pr_auc": 0.6605228737902775,
      "diagnostic_best_threshold": 0.42,
      "diagnostic_f1_best_threshold": 0.6516688858902066,
      "diagnostic_best_mcc_threshold": 0.44,
      "diagnostic_mcc_best_threshold": 0.47875113162996324,
      "top_5pct_precision_micro": 0.7914401477074572,
      "top_5pct_enrichment_micro": 2.624762564767906,
      "top_10pct_precision_micro": 0.7304080081421265,
      "top_10pct_enrichment_micro": 2.4223532282655786,
      "loss": 0.5598620582710613,
      "skipped_nonfinite": 0
    }
  ]
}
