{
  "eval_json": "results/strict_eval/contact_site_esm_mlc_predstruct_full_reg_seed44_e30_lr5e5_hpcue_20260619_002109_eval.json",
  "checkpoint": "runs/contact_site_esm_mlc_predstruct_full_reg_seed44_e30_lr5e5_hpcue_20260619_002109/best.pt",
  "config": "results/strict_eval/configs/contact_site_esm_mlc_predstruct_full_reg_seed44_e30_lr5e5_hpcue_20260619_002109.yaml",
  "val_selected_threshold": 0.48,
  "rows": [
    {
      "split": "val",
      "metric_scope": "validation",
      "val_selected_threshold": 0.48,
      "threshold_used": 0.48,
      "f1_at_0_5": 0.7318540259382712,
      "mcc_at_0_5": 0.5664178724363519,
      "f1_at_val_threshold": 0.7320602795042388,
      "precision_at_val_threshold": 0.7100682605936053,
      "recall_at_val_threshold": 0.7554580987214857,
      "mcc_at_val_threshold": 0.5644601255677222,
      "auroc": 0.8688827130127479,
      "pr_auc": 0.8250092520339842,
      "diagnostic_best_threshold": 0.48,
      "diagnostic_f1_best_threshold": 0.7320602795042388,
      "diagnostic_best_mcc_threshold": 0.67,
      "diagnostic_mcc_best_threshold": 0.5754218399946073,
      "top_5pct_precision_micro": 0.8832370590544557,
      "top_5pct_enrichment_micro": 2.3601308900868117,
      "top_10pct_precision_micro": 0.8569220102687104,
      "top_10pct_enrichment_micro": 2.2898134607209433,
      "loss": 0.5190432653540656,
      "skipped_nonfinite": 0
    },
    {
      "split": "test",
      "metric_scope": "test_at_val_threshold",
      "val_selected_threshold": 0.48,
      "threshold_used": 0.48,
      "f1_at_0_5": 0.6617884242334935,
      "mcc_at_0_5": 0.5050685266342984,
      "f1_at_val_threshold": 0.6637053230384424,
      "precision_at_val_threshold": 0.6203332575195469,
      "recall_at_val_threshold": 0.713598229450821,
      "mcc_at_val_threshold": 0.5062471114957577,
      "auroc": 0.8548804768211217,
      "pr_auc": 0.6942949535684811,
      "diagnostic_best_threshold": 0.29,
      "diagnostic_f1_best_threshold": 0.6747131260994972,
      "diagnostic_best_mcc_threshold": 0.29,
      "diagnostic_mcc_best_threshold": 0.515510570217271,
      "top_5pct_precision_micro": 0.8044927684890758,
      "top_5pct_enrichment_micro": 2.6680507786637313,
      "top_10pct_precision_micro": 0.7578232694760438,
      "top_10pct_enrichment_micro": 2.513274256041382,
      "loss": 0.5789869143849328,
      "skipped_nonfinite": 0
    }
  ]
}
