split,metric_scope,val_selected_threshold,threshold_used,f1_at_0_5,mcc_at_0_5,f1_at_val_threshold,precision_at_val_threshold,recall_at_val_threshold,mcc_at_val_threshold,auroc,pr_auc,diagnostic_best_threshold,diagnostic_f1_best_threshold,diagnostic_best_mcc_threshold,diagnostic_mcc_best_threshold,top_5pct_precision_micro,top_5pct_enrichment_micro,top_10pct_precision_micro,top_10pct_enrichment_micro,loss,skipped_nonfinite
val,validation,0.45,0.45,0.7036067428578306,0.5156010732409092,0.7059510492954277,0.6623425484868153,0.7557066220161515,0.513930254000053,0.8414980111277106,0.7739218948462339,0.45,0.7059510492954277,0.71,0.5256481140315654,0.8480361916512441,2.2660693313416327,0.8150039350897575,2.1778025990064913,0.5782188858304705,0
test,test_at_val_threshold,0.45,0.45,0.6497671814723455,0.48029126945687795,0.6514129736673089,0.5767737882695232,0.748241460359943,0.48074583758999484,0.824979464710594,0.6275955308454763,0.39,0.6525084987041401,0.46,0.4808211358378895,0.7680531336547338,2.5472009713042656,0.7235799590317054,2.3997084234154022,0.6375325407300677,0
