split,metric_scope,val_selected_threshold,threshold_used,f1_at_0_5,mcc_at_0_5,f1_at_val_threshold,precision_at_val_threshold,recall_at_val_threshold,mcc_at_val_threshold,auroc,pr_auc,diagnostic_best_threshold,diagnostic_f1_best_threshold,diagnostic_best_mcc_threshold,diagnostic_mcc_best_threshold,top_5pct_precision_micro,top_5pct_enrichment_micro,top_10pct_precision_micro,top_10pct_enrichment_micro,loss,skipped_nonfinite
val,validation,0.5,0.5,0.7231274683043172,0.5482346598536948,0.7231274683043172,0.6963996364067502,0.7519888139414037,0.5482346598536948,0.8556339170128645,0.8054895594924691,0.5,0.7231274683043172,0.68,0.5564701405511904,0.877423214252332,2.3445954972191796,0.8477026571225125,2.265178081211104,0.5681584505807786,0
test,test_at_val_threshold,0.5,0.5,0.6627526675223642,0.5026434885127283,0.6627526675223642,0.6101343281966539,0.725303240859883,0.5026434885127283,0.8552024407805627,0.7029456070645953,0.24,0.6700182436354589,0.24,0.5083151759339247,0.8210072827982358,2.722820149486741,0.7660813439661948,2.5406616520960292,0.5984598227909633,0
