{
  "eval_json": "results/strict_eval/contact_site_esm_noseq_noctx_relaxed_reg_seed44_e30_lr5e5_hpcue_20260619_002328_eval.json",
  "checkpoint": "runs/contact_site_esm_noseq_noctx_relaxed_reg_seed44_e30_lr5e5_hpcue_20260619_002328/best.pt",
  "config": "results/strict_eval/configs/contact_site_esm_noseq_noctx_relaxed_reg_seed44_e30_lr5e5_hpcue_20260619_002328.yaml",
  "val_selected_threshold": 0.45,
  "rows": [
    {
      "split": "val",
      "metric_scope": "validation",
      "val_selected_threshold": 0.45,
      "threshold_used": 0.45,
      "f1_at_0_5": 0.7036067428578306,
      "mcc_at_0_5": 0.5156010732409092,
      "f1_at_val_threshold": 0.7059510492954277,
      "precision_at_val_threshold": 0.6623425484868153,
      "recall_at_val_threshold": 0.7557066220161515,
      "mcc_at_val_threshold": 0.513930254000053,
      "auroc": 0.8414980111277106,
      "pr_auc": 0.7739218948462339,
      "diagnostic_best_threshold": 0.45,
      "diagnostic_f1_best_threshold": 0.7059510492954277,
      "diagnostic_best_mcc_threshold": 0.71,
      "diagnostic_mcc_best_threshold": 0.5256481140315654,
      "top_5pct_precision_micro": 0.8480361916512441,
      "top_5pct_enrichment_micro": 2.2660693313416327,
      "top_10pct_precision_micro": 0.8150039350897575,
      "top_10pct_enrichment_micro": 2.1778025990064913,
      "loss": 0.5782188858304705,
      "skipped_nonfinite": 0
    },
    {
      "split": "test",
      "metric_scope": "test_at_val_threshold",
      "val_selected_threshold": 0.45,
      "threshold_used": 0.45,
      "f1_at_0_5": 0.6497671814723455,
      "mcc_at_0_5": 0.48029126945687795,
      "f1_at_val_threshold": 0.6514129736673089,
      "precision_at_val_threshold": 0.5767737882695232,
      "recall_at_val_threshold": 0.748241460359943,
      "mcc_at_val_threshold": 0.48074583758999484,
      "auroc": 0.824979464710594,
      "pr_auc": 0.6275955308454763,
      "diagnostic_best_threshold": 0.39,
      "diagnostic_f1_best_threshold": 0.6525084987041401,
      "diagnostic_best_mcc_threshold": 0.46,
      "diagnostic_mcc_best_threshold": 0.4808211358378895,
      "top_5pct_precision_micro": 0.7680531336547338,
      "top_5pct_enrichment_micro": 2.5472009713042656,
      "top_10pct_precision_micro": 0.7235799590317054,
      "top_10pct_enrichment_micro": 2.3997084234154022,
      "loss": 0.6375325407300677,
      "skipped_nonfinite": 0
    }
  ]
}
