{
  "eval_json": "results/strict_eval/contact_site_esm_mlc_noseq_contact_reg_seed42_e30_lr5e5_hpcue_20260619_002109_eval.json",
  "checkpoint": "runs/contact_site_esm_mlc_noseq_contact_reg_seed42_e30_lr5e5_hpcue_20260619_002109/best.pt",
  "config": "results/strict_eval/configs/contact_site_esm_mlc_noseq_contact_reg_seed42_e30_lr5e5_hpcue_20260619_002109.yaml",
  "val_selected_threshold": 0.43,
  "rows": [
    {
      "split": "val",
      "metric_scope": "validation",
      "val_selected_threshold": 0.43,
      "threshold_used": 0.43,
      "f1_at_0_5": 0.7273830904300921,
      "mcc_at_0_5": 0.5635999379072469,
      "f1_at_val_threshold": 0.7287791265119037,
      "precision_at_val_threshold": 0.7007398722312721,
      "recall_at_val_threshold": 0.7591558241057554,
      "mcc_at_val_threshold": 0.5571499580267011,
      "auroc": 0.8658626133987583,
      "pr_auc": 0.8155853556380309,
      "diagnostic_best_threshold": 0.43,
      "diagnostic_f1_best_threshold": 0.7287791265119037,
      "diagnostic_best_mcc_threshold": 0.61,
      "diagnostic_mcc_best_threshold": 0.5695969232142657,
      "top_5pct_precision_micro": 0.8880414259809695,
      "top_5pct_enrichment_micro": 2.3729688192410925,
      "top_10pct_precision_micro": 0.8578214593561444,
      "top_10pct_enrichment_micro": 2.29221691238044,
      "loss": 0.5423196823824019,
      "skipped_nonfinite": 0
    },
    {
      "split": "test",
      "metric_scope": "test_at_val_threshold",
      "val_selected_threshold": 0.43,
      "threshold_used": 0.43,
      "f1_at_0_5": 0.6422635194872967,
      "mcc_at_0_5": 0.48906157651643145,
      "f1_at_val_threshold": 0.6533128781080846,
      "precision_at_val_threshold": 0.6306734262105305,
      "recall_at_val_threshold": 0.6776382383721927,
      "mcc_at_val_threshold": 0.49651311679517013,
      "auroc": 0.8496939133371568,
      "pr_auc": 0.6964327310557988,
      "diagnostic_best_threshold": 0.22,
      "diagnostic_f1_best_threshold": 0.6721639511657694,
      "diagnostic_best_mcc_threshold": 0.22,
      "diagnostic_mcc_best_threshold": 0.5114658978841822,
      "top_5pct_precision_micro": 0.8167760795979074,
      "top_5pct_enrichment_micro": 2.708787624353516,
      "top_10pct_precision_micro": 0.7712732379124206,
      "top_10pct_enrichment_micro": 2.557880248991541,
      "loss": 0.6158776992843265,
      "skipped_nonfinite": 0
    }
  ]
}
