{
  "eval_json": "results/strict_eval/contact_site_esm_final_contact_noseq_reg_seed43_e30_lr5e5_hpcue_20260619_002328_eval.json",
  "checkpoint": "runs/contact_site_esm_final_contact_noseq_reg_seed43_e30_lr5e5_hpcue_20260619_002328/best.pt",
  "config": "results/strict_eval/configs/contact_site_esm_final_contact_noseq_reg_seed43_e30_lr5e5_hpcue_20260619_002328.yaml",
  "val_selected_threshold": 0.43,
  "rows": [
    {
      "split": "val",
      "metric_scope": "validation",
      "val_selected_threshold": 0.43,
      "threshold_used": 0.43,
      "f1_at_0_5": 0.7035756980800113,
      "mcc_at_0_5": 0.5205427486872749,
      "f1_at_val_threshold": 0.70737667138387,
      "precision_at_val_threshold": 0.6565839626961452,
      "recall_at_val_threshold": 0.7666868330350217,
      "mcc_at_val_threshold": 0.5140302413367361,
      "auroc": 0.8435407710196712,
      "pr_auc": 0.7790714795686622,
      "diagnostic_best_threshold": 0.43,
      "diagnostic_f1_best_threshold": 0.70737667138387,
      "diagnostic_best_mcc_threshold": 0.55,
      "diagnostic_mcc_best_threshold": 0.5223868734711025,
      "top_5pct_precision_micro": 0.8629166432991232,
      "top_5pct_enrichment_micro": 2.3058319445976934,
      "top_10pct_precision_micro": 0.8233613161938312,
      "top_10pct_enrichment_micro": 2.2001346706759795,
      "loss": 0.5277262167497114,
      "skipped_nonfinite": 0
    },
    {
      "split": "test",
      "metric_scope": "test_at_val_threshold",
      "val_selected_threshold": 0.43,
      "threshold_used": 0.43,
      "f1_at_0_5": 0.6306407082018861,
      "mcc_at_0_5": 0.46609893119473805,
      "f1_at_val_threshold": 0.6430063287405059,
      "precision_at_val_threshold": 0.593754313068871,
      "recall_at_val_threshold": 0.7011683565803696,
      "mcc_at_val_threshold": 0.47351657935943703,
      "auroc": 0.8328328429299127,
      "pr_auc": 0.660553271925178,
      "diagnostic_best_threshold": 0.29,
      "diagnostic_f1_best_threshold": 0.6480680665588421,
      "diagnostic_best_mcc_threshold": 0.43,
      "diagnostic_mcc_best_threshold": 0.47351657935943703,
      "top_5pct_precision_micro": 0.7811570417478716,
      "top_5pct_enrichment_micro": 2.5906592764138274,
      "top_10pct_precision_micro": 0.711379652413651,
      "top_10pct_enrichment_micro": 2.3592468570132947,
      "loss": 0.5675284997983412,
      "skipped_nonfinite": 0
    }
  ]
}
