split,metric_scope,val_selected_threshold,threshold_used,f1_at_0_5,mcc_at_0_5,f1_at_val_threshold,precision_at_val_threshold,recall_at_val_threshold,mcc_at_val_threshold,auroc,pr_auc,diagnostic_best_threshold,diagnostic_f1_best_threshold,diagnostic_best_mcc_threshold,diagnostic_mcc_best_threshold,top_5pct_precision_micro,top_5pct_enrichment_micro,top_10pct_precision_micro,top_10pct_enrichment_micro,loss,skipped_nonfinite
val,validation,0.48,0.48,0.7100409945605884,0.5233451485293343,0.7108309404688028,0.6650062538813425,0.7634384578501981,0.5214862932684281,0.8481504240675932,0.7942466317596768,0.48,0.7108309404688028,0.65,0.5279247833215909,0.8733853027498925,2.333805642365776,0.8412097590225986,2.2478281645441136,0.5157077312469482,0
test,test_at_val_threshold,0.48,0.48,0.6318729609846965,0.4644394641305473,0.6375152853055244,0.601952550433265,0.6775438777085799,0.4692201822548671,0.8349143261037252,0.665245379753139,0.35,0.6539263933525297,0.36,0.4824818997509296,0.7672838239819468,2.544649603098225,0.7126035480089151,2.3633058314675712,0.5557887256145477,0
