split,metric_scope,val_selected_threshold,threshold_used,f1_at_0_5,mcc_at_0_5,f1_at_val_threshold,precision_at_val_threshold,recall_at_val_threshold,mcc_at_val_threshold,auroc,pr_auc,diagnostic_best_threshold,diagnostic_f1_best_threshold,diagnostic_best_mcc_threshold,diagnostic_mcc_best_threshold,top_5pct_precision_micro,top_5pct_enrichment_micro,top_10pct_precision_micro,top_10pct_enrichment_micro,loss,skipped_nonfinite
val,validation,0.46,0.46,0.7309795731266379,0.564375144745077,0.7313625048563248,0.7000856268551529,0.7655647127045611,0.5604325590522603,0.8651274398095644,0.8180545027136201,0.46,0.7313625048563248,0.57,0.5697302937244524,0.8910324715383321,2.3809613043176876,0.8621594273507477,2.303808559446553,0.5284251230103629,0
test,test_at_val_threshold,0.46,0.46,0.6531301013548563,0.5007303970564283,0.6596163824021267,0.6366298904694452,0.6843249781254825,0.5056551178593816,0.8519049903529533,0.6916831542310015,0.26,0.6764796400647766,0.26,0.518740236015707,0.7911067801825828,2.6236569718786216,0.7509308048079772,2.4904158209567697,0.6037068296046484,0
