split,metric_scope,val_selected_threshold,threshold_used,f1_at_0_5,mcc_at_0_5,f1_at_val_threshold,precision_at_val_threshold,recall_at_val_threshold,mcc_at_val_threshold,auroc,pr_auc,diagnostic_best_threshold,diagnostic_f1_best_threshold,diagnostic_best_mcc_threshold,diagnostic_mcc_best_threshold,top_5pct_precision_micro,top_5pct_enrichment_micro,top_10pct_precision_micro,top_10pct_enrichment_micro,loss,skipped_nonfinite
val,validation,0.43,0.43,0.7273830904300921,0.5635999379072469,0.7287791265119037,0.7007398722312721,0.7591558241057554,0.5571499580267011,0.8658626133987583,0.8155853556380309,0.43,0.7287791265119037,0.61,0.5695969232142657,0.8880414259809695,2.3729688192410925,0.8578214593561444,2.29221691238044,0.5423196823824019,0
test,test_at_val_threshold,0.43,0.43,0.6422635194872967,0.48906157651643145,0.6533128781080846,0.6306734262105305,0.6776382383721927,0.49651311679517013,0.8496939133371568,0.6964327310557988,0.22,0.6721639511657694,0.22,0.5114658978841822,0.8167760795979074,2.708787624353516,0.7712732379124206,2.557880248991541,0.6158776992843265,0
