{
  "eval_json": "results/strict_eval/contact_site_esm_final_contact_noseq_reg_seed42_e30_lr5e5_hpcue_20260619_002109_eval.json",
  "checkpoint": "runs/contact_site_esm_final_contact_noseq_reg_seed42_e30_lr5e5_hpcue_20260619_002109/best.pt",
  "config": "results/strict_eval/configs/contact_site_esm_final_contact_noseq_reg_seed42_e30_lr5e5_hpcue_20260619_002109.yaml",
  "val_selected_threshold": 0.46,
  "rows": [
    {
      "split": "val",
      "metric_scope": "validation",
      "val_selected_threshold": 0.46,
      "threshold_used": 0.46,
      "f1_at_0_5": 0.7056943478869531,
      "mcc_at_0_5": 0.5158696747257242,
      "f1_at_val_threshold": 0.7062340971313555,
      "precision_at_val_threshold": 0.6520270126690948,
      "recall_at_val_threshold": 0.7702715932853524,
      "mcc_at_val_threshold": 0.5110084028061941,
      "auroc": 0.8457295836718751,
      "pr_auc": 0.7789233079213628,
      "diagnostic_best_threshold": 0.46,
      "diagnostic_f1_best_threshold": 0.7062340971313555,
      "diagnostic_best_mcc_threshold": 0.56,
      "diagnostic_mcc_best_threshold": 0.5199743833634296,
      "top_5pct_precision_micro": 0.8401286149589666,
      "top_5pct_enrichment_micro": 2.2449391989203846,
      "top_10pct_precision_micro": 0.8122868493048008,
      "top_10pct_enrichment_micro": 2.1705421721184286,
      "loss": 0.5222329659895464,
      "skipped_nonfinite": 0
    },
    {
      "split": "test",
      "metric_scope": "test_at_val_threshold",
      "val_selected_threshold": 0.46,
      "threshold_used": 0.46,
      "f1_at_0_5": 0.6296415660981182,
      "mcc_at_0_5": 0.4606755493052268,
      "f1_at_val_threshold": 0.6375509152354241,
      "precision_at_val_threshold": 0.5926549654158391,
      "recall_at_val_threshold": 0.6898064748571723,
      "mcc_at_val_threshold": 0.46648039315302686,
      "auroc": 0.8311321480167949,
      "pr_auc": 0.6584217060988661,
      "diagnostic_best_threshold": 0.32,
      "diagnostic_f1_best_threshold": 0.6479900941163732,
      "diagnostic_best_mcc_threshold": 0.34,
      "diagnostic_mcc_best_threshold": 0.47270555830354877,
      "top_5pct_precision_micro": 0.7648733203405478,
      "top_5pct_enrichment_micro": 2.5366553160526304,
      "top_10pct_precision_micro": 0.7185426624238286,
      "top_10pct_enrichment_micro": 2.3830025390825362,
      "loss": 0.5708786411718889,
      "skipped_nonfinite": 0
    }
  ]
}
