split,metric_scope,val_selected_threshold,threshold_used,f1_at_0_5,mcc_at_0_5,f1_at_val_threshold,precision_at_val_threshold,recall_at_val_threshold,mcc_at_val_threshold,auroc,pr_auc,diagnostic_best_threshold,diagnostic_f1_best_threshold,diagnostic_best_mcc_threshold,diagnostic_mcc_best_threshold,top_5pct_precision_micro,top_5pct_enrichment_micro,top_10pct_precision_micro,top_10pct_enrichment_micro,loss,skipped_nonfinite
val,validation,0.46,0.46,0.7112472115382331,0.5253339598497586,0.7124617468230413,0.6586583749270069,0.7758370088840802,0.5218411992485322,0.8465203237243683,0.785648078432369,0.46,0.7124617468230413,0.58,0.5281099972340072,0.8599629858112277,2.297939365584556,0.8179552524079001,2.185688924764214,0.5201397077603773,0
test,test_at_val_threshold,0.46,0.46,0.6253585863861725,0.450524321541245,0.6317160294590024,0.5754905901183903,0.7001175219174087,0.45438231399560186,0.822109095866159,0.6454189681174323,0.36,0.6399666926586244,0.37,0.4597841098738157,0.744281464765617,2.468363693737605,0.7125648986743278,2.36317765332691,0.5796062458645214,0
