{
  "eval_json": "results/strict_eval/contact_site_esm_final_contact_predstruct_reg_seed42_e30_lr5e5_hpcue_20260619_002109_eval.json",
  "checkpoint": "runs/contact_site_esm_final_contact_predstruct_reg_seed42_e30_lr5e5_hpcue_20260619_002109/best.pt",
  "config": "results/strict_eval/configs/contact_site_esm_final_contact_predstruct_reg_seed42_e30_lr5e5_hpcue_20260619_002109.yaml",
  "val_selected_threshold": 0.48,
  "rows": [
    {
      "split": "val",
      "metric_scope": "validation",
      "val_selected_threshold": 0.48,
      "threshold_used": 0.48,
      "f1_at_0_5": 0.7100409945605884,
      "mcc_at_0_5": 0.5233451485293343,
      "f1_at_val_threshold": 0.7108309404688028,
      "precision_at_val_threshold": 0.6650062538813425,
      "recall_at_val_threshold": 0.7634384578501981,
      "mcc_at_val_threshold": 0.5214862932684281,
      "auroc": 0.8481504240675932,
      "pr_auc": 0.7942466317596768,
      "diagnostic_best_threshold": 0.48,
      "diagnostic_f1_best_threshold": 0.7108309404688028,
      "diagnostic_best_mcc_threshold": 0.65,
      "diagnostic_mcc_best_threshold": 0.5279247833215909,
      "top_5pct_precision_micro": 0.8733853027498925,
      "top_5pct_enrichment_micro": 2.333805642365776,
      "top_10pct_precision_micro": 0.8412097590225986,
      "top_10pct_enrichment_micro": 2.2478281645441136,
      "loss": 0.5157077312469482,
      "skipped_nonfinite": 0
    },
    {
      "split": "test",
      "metric_scope": "test_at_val_threshold",
      "val_selected_threshold": 0.48,
      "threshold_used": 0.48,
      "f1_at_0_5": 0.6318729609846965,
      "mcc_at_0_5": 0.4644394641305473,
      "f1_at_val_threshold": 0.6375152853055244,
      "precision_at_val_threshold": 0.601952550433265,
      "recall_at_val_threshold": 0.6775438777085799,
      "mcc_at_val_threshold": 0.4692201822548671,
      "auroc": 0.8349143261037252,
      "pr_auc": 0.665245379753139,
      "diagnostic_best_threshold": 0.35,
      "diagnostic_f1_best_threshold": 0.6539263933525297,
      "diagnostic_best_mcc_threshold": 0.36,
      "diagnostic_mcc_best_threshold": 0.4824818997509296,
      "top_5pct_precision_micro": 0.7672838239819468,
      "top_5pct_enrichment_micro": 2.544649603098225,
      "top_10pct_precision_micro": 0.7126035480089151,
      "top_10pct_enrichment_micro": 2.3633058314675712,
      "loss": 0.5557887256145477,
      "skipped_nonfinite": 0
    }
  ]
}
