coverage_bucket,n_complexes,n_residues,n_positive,mean_positive_fraction,usable_for_predstruct_scalar,mean_coverage
eq0,3644,5042046,1175460,0.23882176797577262,3644,0.0
gt0_lt0p5,1329,3603852,1485848,0.3323446870359317,1329,0.2794276649962378
ge0p5,1166,1972673,734580,0.3284760198671601,1166,0.8118918817581475
